engine	symbol	class	base_hash	xetex_hash	external_boundaries	diff
summary	shared_kept	411
summary	xetex_kept	0
summary	shared_TexOnly	0
summary	shared_AdaptedNativeIo	2
summary	shared_StrippedSourceSpecial	2
summary	shared_StrippedWriteWhatsitDiagnostic	1
summary	shared_StrippedPdfExtension	2
summary	shared_EtexProfileGated	7
summary	shared_NativeFontProfileGated	0
summary	shared_XetexOnlyProfileGated	0
summary	shared_TexCompatibleDuplicate	54
summary	shared_TexAdaptedDuplicate	0
summary	shared_BoundaryAdapterRequired	19
summary	shared_XetexWidenedDuplicate	324
summary	diff_IdenticalAfterNormalization	140
summary	diff_OnlyConstantsDiffer	9
summary	diff_SmallGuardedBehavior	86
summary	diff_HostBoundaryDifference	19
summary	diff_StateLayoutDifference	7
summary	diff_LargeSemanticDivergence	150
summary	diff_Unknown	0
summary	boundary_AdaptedNativeIo	2
summary	boundary_StrippedOutput	5
summary	boundary_StrippedNativeFontAssembly	1
shared	aftermath	XetexWidenedDuplicate	7b05e6299331bae6	1af9b62fea6ac0e1	Clean	LargeSemanticDivergence
shared	alignerror	XetexWidenedDuplicate	bbefb4205f2c5f8d	e73f6890bb3e8a5c	Clean	LargeSemanticDivergence
shared	alignpeek	XetexWidenedDuplicate	9b3ab6c188fc0a63	065179309bbab9dc	Clean	SmallGuardedBehavior
shared	alteraux	XetexWidenedDuplicate	c2bc3af936697d46	1c9662ebb21e7421	Clean	SmallGuardedBehavior
shared	alterboxdimen	XetexWidenedDuplicate	7897a18b6f1b838b	dd5d84eca1bea8f6	Clean	SmallGuardedBehavior
shared	alterinteger	XetexWidenedDuplicate	d93eab7d24db8161	020f15c09bd2c368	Clean	SmallGuardedBehavior
shared	alterpagesofar	TexCompatibleDuplicate	13cc62349f119bf7	13cc62349f119bf7	Clean	IdenticalAfterNormalization
shared	alterprevgraf	XetexWidenedDuplicate	a8ccaa766904a6c0	c55e3eff8443c027	Clean	SmallGuardedBehavior
shared	appendchoices	TexCompatibleDuplicate	b4c10698cca4b6dc	b4c10698cca4b6dc	Clean	IdenticalAfterNormalization
shared	appenddiscretionary	XetexWidenedDuplicate	d36adc56b41de876	a12ae545e11a0735	Clean	SmallGuardedBehavior
shared	appendglue	XetexWidenedDuplicate	bf832edb12f8dfea	95bdd5eff346f338	Clean	SmallGuardedBehavior
shared	appenditaliccorrection	BoundaryAdapterRequired	962d803ea171f27a	828430ee32ab52e1	get_native_glyph_italic_correction,get_native_italic_correction	HostBoundaryDifference
shared	appendkern	TexCompatibleDuplicate	698506fec824e466	698506fec824e466	Clean	IdenticalAfterNormalization
shared	appendpenalty	TexCompatibleDuplicate	95d11c21ae488332	95d11c21ae488332	Clean	IdenticalAfterNormalization
shared	appendsrcspecial	StrippedSourceSpecial	81ef5b2fbc8db903	81ef5b2fbc8db903	Clean	IdenticalAfterNormalization
shared	appspace	XetexWidenedDuplicate	df4f8a60e2020d79	d760a2cd81361268	Clean	StateLayoutDifference
shared	backerror	TexCompatibleDuplicate	c0afd406132e3636	c0afd406132e3636	Clean	IdenticalAfterNormalization
shared	backinput	XetexWidenedDuplicate	64cd88ddeab648b5	895fa8e0f2f5d7cf	Clean	LargeSemanticDivergence
shared	begindiagnostic	XetexWidenedDuplicate	72cd2d0905f5f3f2	856d5f57bafe0d13	Clean	StateLayoutDifference
shared	beginfilereading	XetexWidenedDuplicate	3314993d8ffe3042	63926c6f69c2d58d	Clean	SmallGuardedBehavior
shared	begininsertoradjust	XetexWidenedDuplicate	9c3ede9ea44248b5	6c18586267cd13ef	Clean	LargeSemanticDivergence
shared	beginname	XetexWidenedDuplicate	7685dc88dccdb0b3	fbb2cf4887a335ec	Clean	LargeSemanticDivergence
shared	bigopspacing1	XetexWidenedDuplicate	-	eedcc788611ec07e	Clean	IdenticalAfterNormalization
shared	bigopspacing2	XetexWidenedDuplicate	-	13fe74d68a260ce5	Clean	IdenticalAfterNormalization
shared	bigopspacing3	XetexWidenedDuplicate	-	634262df1c2acb76	Clean	IdenticalAfterNormalization
shared	bigopspacing4	XetexWidenedDuplicate	-	2d57001647df35b3	Clean	IdenticalAfterNormalization
shared	bigopspacing5	XetexWidenedDuplicate	-	24943ed3ab0254d4	Clean	IdenticalAfterNormalization
shared	buildchoices	XetexWidenedDuplicate	acef5c553dfc8bbf	3337bdebeb212a3d	Clean	SmallGuardedBehavior
shared	builddiscretionary	XetexWidenedDuplicate	30b93043b2dffc7c	14bbb1f0827ae648	Clean	LargeSemanticDivergence
shared	checkoutervalidity	XetexWidenedDuplicate	c6e5e5a70ffb96bc	9acf9dc3188f76fa	Clean	LargeSemanticDivergence
shared	clearforerrorprompt	TexCompatibleDuplicate	3c58861701216f2a	3c58861701216f2a	Clean	IdenticalAfterNormalization
shared	comparestrings	XetexWidenedDuplicate	-	cffcaa1d5222ebd4	Clean	IdenticalAfterNormalization
shared	conditional	XetexWidenedDuplicate	dc966503db942700	9f816e139ad7b028	Clean	LargeSemanticDivergence
shared	convtoks	BoundaryAdapterRequired	e3e61f3b583d2cd0	a7d3d7e6154347f5	CFDictionaryRef,aatprintfontname,getcreationdate,getfiledump,getfilemoddate,getmd5sum,grprintfontname,printglyphname,usingGraphite,znotaatfonterror,znotaatgrfonterror	HostBoundaryDifference
shared	cserror	XetexWidenedDuplicate	3ec67486aecdbb39	82e294d66345a31e	Clean	LargeSemanticDivergence
shared	defaultrulethickness	XetexWidenedDuplicate	-	0aee499588490936	Clean	IdenticalAfterNormalization
shared	deletelast	XetexWidenedDuplicate	e63adb388cc2bde9	e5d89c2fa576b165	Clean	SmallGuardedBehavior
shared	doassignments	XetexWidenedDuplicate	a02899dae85dca2d	68ba2e1642540c8e	Clean	OnlyConstantsDiffer
shared	doendv	XetexWidenedDuplicate	1eaea66ba44c694f	8c9270a826403acd	Clean	SmallGuardedBehavior
shared	doextension	BoundaryAdapterRequired	9fe4ad42bbeebe12	ca2c34dbeb33d8c1	setinputfileencoding	HostBoundaryDifference
shared	endfilereading	BoundaryAdapterRequired	94b75bd8466d2dfa	0a06dca2fb7a86ee	u_close_file_or_pipe	HostBoundaryDifference
shared	endgraf	XetexWidenedDuplicate	afc9dee070f4fc58	4a43f7060b73e71b	Clean	OnlyConstantsDiffer
shared	endname	XetexWidenedDuplicate	7966ff4a78dde3a2	ffcfbaf36a2d652b	Clean	LargeSemanticDivergence
shared	endtokenlist	XetexWidenedDuplicate	cca76210ebe29675	61484e60407165cc	Clean	LargeSemanticDivergence
shared	error	XetexWidenedDuplicate	461d248567f7b1d8	5ebcce04b5c8b6a1	Clean	SmallGuardedBehavior
shared	expand	XetexWidenedDuplicate	c464b78e55535462	9add5ab1dd7eaadd	Clean	LargeSemanticDivergence
shared	extrarightbrace	XetexWidenedDuplicate	cb05775798e9e7bc	2d5c2a70a273133b	Clean	LargeSemanticDivergence
shared	filewarning	XetexWidenedDuplicate	58406126d4160f6c	c56d61cf6376b2e6	Clean	SmallGuardedBehavior
shared	finalign	XetexWidenedDuplicate	6d7c81afd1e0b3e8	0c10a5c707489b18	Clean	SmallGuardedBehavior
shared	fincol	XetexWidenedDuplicate	22994788ade10197	f69a1a36441aa3d2	Clean	SmallGuardedBehavior
shared	finrow	XetexWidenedDuplicate	914dafd9f4d9fb34	88c6b3ce324a25f9	Clean	LargeSemanticDivergence
shared	firmuptheline	XetexWidenedDuplicate	b258ec7970d687a1	7b84bad8c606124e	Clean	LargeSemanticDivergence
shared	fixlanguage	XetexWidenedDuplicate	cb120ec88c238f92	34ee583045fc66a1	Clean	LargeSemanticDivergence
shared	flushmath	TexCompatibleDuplicate	88c6df7dc9371a30	88c6df7dc9371a30	Clean	IdenticalAfterNormalization
shared	getavail	XetexWidenedDuplicate	e4103e5076992c0c	732e3b5535574a01	Clean	SmallGuardedBehavior
shared	getmicrointerval	XetexWidenedDuplicate	-	f35b7fd1a7704f78	Clean	IdenticalAfterNormalization
shared	getnext	BoundaryAdapterRequired	0a4f0367919346f9	7874db5627fc3518	UFILE	HostBoundaryDifference
shared	getpreambletoken	XetexWidenedDuplicate	d835d9952c09e01c	93735fabd4369418	Clean	LargeSemanticDivergence
shared	getrtoken	XetexWidenedDuplicate	aba061008de626d3	b7c5a7d86229093b	Clean	LargeSemanticDivergence
shared	getstringsstarted	XetexWidenedDuplicate	a39d86e8b518c0e6	0f29d82f7095ad71	Clean	LargeSemanticDivergence
shared	gettoken	XetexWidenedDuplicate	542da6fcdb8ab38e	affe2856108c4af1	Clean	LargeSemanticDivergence
shared	getxorprotected	XetexWidenedDuplicate	3ce20308a29fb93a	307762957b214e6e	Clean	LargeSemanticDivergence
shared	getxtoken	XetexWidenedDuplicate	31a1a548a1d03a5b	6cb92613775baa01	Clean	LargeSemanticDivergence
shared	giveerrhelp	XetexWidenedDuplicate	bf0dedcd23d1c8e5	3960dc8904eb82b1	Clean	StateLayoutDifference
shared	groupwarning	XetexWidenedDuplicate	05a4467e5006c4eb	c1b74ae29c53b5c7	Clean	SmallGuardedBehavior
shared	handlerightbrace	XetexWidenedDuplicate	724b5bc7338ee8e4	35225c4de57e8597	Clean	LargeSemanticDivergence
shared	headforvmode	XetexWidenedDuplicate	9bb369242690ecfe	d8a148cece92befb	Clean	LargeSemanticDivergence
shared	hyphenate	XetexWidenedDuplicate	b01cc8849cec515d	d8e781f13880d04e	Clean	LargeSemanticDivergence
shared	ifwarning	XetexWidenedDuplicate	699f8c01455fae64	1505fb2005c7cb0c	Clean	SmallGuardedBehavior
shared	indentinhmode	XetexWidenedDuplicate	f97b5bad6bcde209	de975b827714d534	Clean	StateLayoutDifference
shared	initalign	XetexWidenedDuplicate	1751aa42762a837f	91c47a6f216709a0	Clean	SmallGuardedBehavior
shared	initcol	TexCompatibleDuplicate	cca8d7bee99ffe3e	cca8d7bee99ffe3e	Clean	IdenticalAfterNormalization
shared	initialize	XetexWidenedDuplicate	9619987a9a7f10fa	714dd3649c72b316	Clean	LargeSemanticDivergence
shared	initmath	XetexWidenedDuplicate	119fe22190f2e5eb	40fc5661bda5fcf9	Clean	SmallGuardedBehavior
shared	initprim	XetexWidenedDuplicate	f9147721291629ea	0cb215b0840e261e	Clean	LargeSemanticDivergence
shared	initrow	XetexWidenedDuplicate	6c1a45aa9904ecc8	4e367722c8b539ba	Clean	SmallGuardedBehavior
shared	inittrie	XetexWidenedDuplicate	db8424b64a65d864	76dd3ac1d94b2d59	Clean	SmallGuardedBehavior
shared	inserror	XetexWidenedDuplicate	129cb83fadd8965e	0ebfde1d7350b941	Clean	OnlyConstantsDiffer
shared	insertdollarsign	XetexWidenedDuplicate	734a5efec651c984	010e1e59f31c7e76	Clean	LargeSemanticDivergence
shared	insertrelax	XetexWidenedDuplicate	0fe5bbd55da1911a	7c8e7a790a1e6b71	Clean	LargeSemanticDivergence
shared	insertsrcspecial	StrippedSourceSpecial	d3dfcd9c4833c0a0	d3dfcd9c4833c0a0	Clean	IdenticalAfterNormalization
shared	insthetoks	XetexWidenedDuplicate	3a9821401a23a23e	9ed673dfed2639e1	Clean	OnlyConstantsDiffer
shared	issuemessage	XetexWidenedDuplicate	5d685164f081793f	b544f016c21479a3	Clean	LargeSemanticDivergence
shared	itsallover	XetexWidenedDuplicate	30fa32bf87d201a0	8ef6ca0a5bad8688	Clean	LargeSemanticDivergence
shared	macrocall	XetexWidenedDuplicate	1c60261ec8a21064	861ac36a3e1f1c2d	Clean	LargeSemanticDivergence
shared	maincontrol	BoundaryAdapterRequired	75e5ea5a5ee4f72e	5644a36712f9c7da	applymapping,xrealloc	HostBoundaryDifference
shared	makeaccent	BoundaryAdapterRequired	35e8d97420a43e45	df8c4f2873aef82e	getnativecharheightdepth,getnativecharsidebearings	HostBoundaryDifference
shared	makemark	TexCompatibleDuplicate	e41265358cb59c67	e41265358cb59c67	Clean	IdenticalAfterNormalization
shared	makestring	XetexWidenedDuplicate	582fc324533963d0	786eb1c4ca7db18a	Clean	LargeSemanticDivergence
shared	mathac	XetexWidenedDuplicate	6494be596277c89b	4dadda04fdab76ab	Clean	LargeSemanticDivergence
shared	mathfraction	XetexWidenedDuplicate	2aa54e31895585e5	dafa30eed3eea71f	Clean	SmallGuardedBehavior
shared	mathleftright	XetexWidenedDuplicate	98bca59fec10e5a0	5b444f30ecda8143	Clean	SmallGuardedBehavior
shared	mathlimitswitch	XetexWidenedDuplicate	814765180e9761d2	83aefbad81cd20f4	Clean	LargeSemanticDivergence
shared	mathradical	TexCompatibleDuplicate	539470b94828f81b	539470b94828f81b	Clean	IdenticalAfterNormalization
shared	maxhyphenatablelength	XetexWidenedDuplicate	-	5e2b8fe3ddceaeeb	Clean	IdenticalAfterNormalization
shared	mlisttohlist	XetexWidenedDuplicate	4e2966e833ac2e1d	cf04f262185d3af0	Clean	LargeSemanticDivergence
shared	mubyteupdate	EtexProfileGated	5984cd5d3ccc7f33	-	Clean	IdenticalAfterNormalization
shared	muerror	XetexWidenedDuplicate	2f831bcb511fc541	8fd61fb13ebc4acb	Clean	LargeSemanticDivergence
shared	newchoice	TexCompatibleDuplicate	842b5ffc116e7c2d	842b5ffc116e7c2d	Clean	IdenticalAfterNormalization
shared	newdisc	TexCompatibleDuplicate	fb7094932ccb469f	fb7094932ccb469f	Clean	IdenticalAfterNormalization
shared	newhyphexceptions	XetexWidenedDuplicate	bbf8d75bc2679477	67782d4679b07a4f	Clean	LargeSemanticDivergence
shared	newinteraction	TexCompatibleDuplicate	6b3c051da0d8fd70	6b3c051da0d8fd70	Clean	IdenticalAfterNormalization
shared	newnoad	TexCompatibleDuplicate	19c3a12285e27b24	19c3a12285e27b24	Clean	IdenticalAfterNormalization
shared	newnullbox	TexCompatibleDuplicate	3d79318eaaffa663	3d79318eaaffa663	Clean	IdenticalAfterNormalization
shared	newpatterns	XetexWidenedDuplicate	540d6720a1e1bc82	a08328686e5fe036	Clean	LargeSemanticDivergence
shared	newrandoms	XetexWidenedDuplicate	-	ccdb97f13b9b0ab0	Clean	IdenticalAfterNormalization
shared	newrule	TexCompatibleDuplicate	dd49cc976183a5b0	dd49cc976183a5b0	Clean	IdenticalAfterNormalization
shared	noalignerror	XetexWidenedDuplicate	1932489812123625	8f3562eec66ae060	Clean	LargeSemanticDivergence
shared	normalizeselector	TexCompatibleDuplicate	eed51a28c54d34d7	eed51a28c54d34d7	Clean	IdenticalAfterNormalization
shared	normalparagraph	XetexWidenedDuplicate	3d09af77932095b5	7c07f42693e5b1b6	Clean	LargeSemanticDivergence
shared	normrand	XetexWidenedDuplicate	-	b73cd06af8dc5a4f	Clean	IdenticalAfterNormalization
shared	offsave	XetexWidenedDuplicate	99600a090271f4b3	42f43c5b43d4baf2	Clean	LargeSemanticDivergence
shared	omiterror	XetexWidenedDuplicate	06b428e020b94453	444c48300b218c4b	Clean	LargeSemanticDivergence
shared	openorclosein	AdaptedNativeIo	04ad5305ae7a2930	04ad5305ae7a2930	Clean	IdenticalAfterNormalization
shared	passtext	XetexWidenedDuplicate	1975c37e66353f45	37e97ef2996e8752	Clean	StateLayoutDifference
shared	pauseforinstructions	XetexWidenedDuplicate	cf590804e656b160	faee182284c1b64c	Clean	LargeSemanticDivergence
shared	popalignment	XetexWidenedDuplicate	3846131c9cdb790f	53e8fabe6c375c49	Clean	LargeSemanticDivergence
shared	popnest	TexCompatibleDuplicate	3f9f68f4cfff38a3	3f9f68f4cfff38a3	Clean	IdenticalAfterNormalization
shared	popnode	XetexWidenedDuplicate	-	dfbe314d6f2136ce	Clean	IdenticalAfterNormalization
shared	prefixedcommand	BoundaryAdapterRequired	1878120f6b00b2c4	fdb69b2cf68e19ac	set_cp_code	HostBoundaryDifference
shared	preparemag	XetexWidenedDuplicate	889df67b33fbf11f	17f8528fd501db35	Clean	LargeSemanticDivergence
shared	printcurrentstring	XetexWidenedDuplicate	54d7035af7d8fc6d	86a8c4d9c7d6df42	Clean	LargeSemanticDivergence
shared	printfileline	XetexWidenedDuplicate	b8f5ed8aea0279ec	d9916ab044da876a	Clean	LargeSemanticDivergence
shared	println	TexCompatibleDuplicate	e0a5b7c292e6029e	e0a5b7c292e6029e	Clean	IdenticalAfterNormalization
shared	printmeaning	XetexWidenedDuplicate	cd1c94b53f8527b2	7d45e1e162c50e9a	Clean	LargeSemanticDivergence
shared	printtotals	XetexWidenedDuplicate	dfe8daa775810e65	1582b72e5a37ff96	Clean	LargeSemanticDivergence
shared	privileged	TexCompatibleDuplicate	fd645240ae5f29ae	fd645240ae5f29ae	Clean	IdenticalAfterNormalization
shared	pseudoclose	TexCompatibleDuplicate	499fa742064f947c	499fa742064f947c	Clean	IdenticalAfterNormalization
shared	pseudoinput	XetexWidenedDuplicate	335fad296e7895ff	39e58afb6f6d0263	Clean	SmallGuardedBehavior
shared	pseudostart	XetexWidenedDuplicate	32b1e71ca7c0c1aa	84f3f078741a4974	Clean	SmallGuardedBehavior
shared	pushalignment	XetexWidenedDuplicate	0fc21048ef9e3f3a	13ea70ce5507c89f	Clean	LargeSemanticDivergence
shared	pushnest	XetexWidenedDuplicate	b42f08fa9ffc7d47	c701088acfa55991	Clean	SmallGuardedBehavior
shared	reportillegalcase	XetexWidenedDuplicate	be52bf8882c9f763	e71be0c004a6660f	Clean	OnlyConstantsDiffer
shared	resumeafterdisplay	XetexWidenedDuplicate	e3d7fa12c060bf1a	43ab04b8718dc3f8	Clean	LargeSemanticDivergence
shared	runaway	XetexWidenedDuplicate	d3f29d2017d7dce7	662359bea67cb4f5	Clean	LargeSemanticDivergence
shared	sarestore	XetexWidenedDuplicate	3de7a6a3991ace85	4e8aa366d3b4fbaf	Clean	SmallGuardedBehavior
shared	scanandpackname	XetexWidenedDuplicate	-	e87cd785db92ec2c	Clean	IdenticalAfterNormalization
shared	scancharclass	XetexWidenedDuplicate	-	4381051d6ecfe703	Clean	IdenticalAfterNormalization
shared	scancharclassnotignored	XetexWidenedDuplicate	-	2d95833a9752a0bf	Clean	IdenticalAfterNormalization
shared	scancharnum	XetexWidenedDuplicate	ad802f5ebcae44c9	01de28cc0f0e3fb3	Clean	LargeSemanticDivergence
shared	scandelimiterint	XetexWidenedDuplicate	-	40872453fde71f8d	Clean	IdenticalAfterNormalization
shared	scaneightbitint	XetexWidenedDuplicate	08c5570d7cf5b0dc	b73d3edda3775968	Clean	LargeSemanticDivergence
shared	scanexpr	XetexWidenedDuplicate	075a6b6110433db0	3dbd67589f09686e	Clean	SmallGuardedBehavior
shared	scanfifteenbitint	XetexWidenedDuplicate	ed2d17de45dd1a5d	fa22fa0a4c8b1992	Clean	LargeSemanticDivergence
shared	scanfilename	XetexWidenedDuplicate	471babb1dc2e1e8d	fd9ad2339bd76ac8	Clean	LargeSemanticDivergence
shared	scanfilenamebraced	XetexWidenedDuplicate	7f8923b51db6606c	243fe73373fab819	Clean	SmallGuardedBehavior
shared	scanfontident	XetexWidenedDuplicate	828a537c6e341c2a	7f5171cde8c91037	Clean	LargeSemanticDivergence
shared	scanfourbitint	XetexWidenedDuplicate	29963a8be026df19	d9edb32a1f3f384a	Clean	LargeSemanticDivergence
shared	scanfourbitintor18	XetexWidenedDuplicate	f4d1d00432a8c34e	b56ac8e38a370251	Clean	LargeSemanticDivergence
shared	scangeneraltext	XetexWidenedDuplicate	e81a98c044bcd527	e87ba98c6d8915dc	Clean	SmallGuardedBehavior
shared	scanint	XetexWidenedDuplicate	1dd969d5da44ac97	fd30ea3a8a064949	Clean	LargeSemanticDivergence
shared	scanleftbrace	XetexWidenedDuplicate	8bb8e44db19d01d2	83042b5de5b2f61b	Clean	LargeSemanticDivergence
shared	scanmathclassint	XetexWidenedDuplicate	-	387c3ae14b3d0a9d	Clean	IdenticalAfterNormalization
shared	scanmathfamint	XetexWidenedDuplicate	-	78278f063ef55567	Clean	IdenticalAfterNormalization
shared	scanmuglue	TexCompatibleDuplicate	fc0858f3f44b5cb0	fc0858f3f44b5cb0	Clean	IdenticalAfterNormalization
shared	scannormalglue	TexCompatibleDuplicate	81fb285ded50a4f6	81fb285ded50a4f6	Clean	IdenticalAfterNormalization
shared	scanoptionalequals	XetexWidenedDuplicate	73fb421a64ab7d9a	034e56fed1069244	Clean	SmallGuardedBehavior
shared	scanpdfexttoks	StrippedPdfExtension	-	e528ead645cf5fe0	Clean	IdenticalAfterNormalization
shared	scanregisternum	XetexWidenedDuplicate	1ae79919c114837b	d35ab643ac59abc2	Clean	LargeSemanticDivergence
shared	scanrulespec	XetexWidenedDuplicate	dbd560e181c50955	6fd057a17e819dd6	Clean	SmallGuardedBehavior
shared	scantwentysevenbitint	EtexProfileGated	6ee6435c4c6d7958	-	Clean	IdenticalAfterNormalization
shared	scanusvnum	XetexWidenedDuplicate	-	990a4ad2a27aa1f5	Clean	IdenticalAfterNormalization
shared	scanxetexmathcharint	XetexWidenedDuplicate	-	e0b6ca9d0bd38677	Clean	IdenticalAfterNormalization
shared	shiftcase	XetexWidenedDuplicate	c03e2a0aadf7eadd	ae6fc38cf7e6756b	Clean	LargeSemanticDivergence
shared	showactivities	XetexWidenedDuplicate	cd54c9b461bc1c14	c67800fbe545f975	Clean	LargeSemanticDivergence
shared	showcontext	XetexWidenedDuplicate	461c23cbf44bc14d	d4de55539b8bdf29	Clean	LargeSemanticDivergence
shared	showcurcmdchr	XetexWidenedDuplicate	447a7d35f586c81f	e83a859bb0f26b47	Clean	LargeSemanticDivergence
shared	showinfo	TexCompatibleDuplicate	8d7ad4a8e6da411a	8d7ad4a8e6da411a	Clean	IdenticalAfterNormalization
shared	showsavegroups	XetexWidenedDuplicate	42d74d128524b5da	b274e1921ae2e09a	Clean	LargeSemanticDivergence
shared	showwhatever	XetexWidenedDuplicate	ecf9ccc6ee6e5d71	ce1251b0be6f6a71	Clean	LargeSemanticDivergence
shared	slowmakestring	XetexWidenedDuplicate	bbab17ebda98e9f6	e31024d22bcd9767	Clean	SmallGuardedBehavior
shared	starteqno	XetexWidenedDuplicate	69160a2e35c91b67	e94877c358af32f1	Clean	LargeSemanticDivergence
shared	startinput	AdaptedNativeIo	a0745998e13fb591	a0745998e13fb591	Clean	IdenticalAfterNormalization
shared	subsup	XetexWidenedDuplicate	ae71856337263909	5d1adac56558a597	Clean	SmallGuardedBehavior
shared	terminput	BoundaryAdapterRequired	92c929a4f4edc312	61605979dac78ac5	UFILE	HostBoundaryDifference
shared	thetoks	XetexWidenedDuplicate	0b5ed111f64e977a	076bb96ceac54488	Clean	SmallGuardedBehavior
shared	trapzeroglue	XetexWidenedDuplicate	5fcbdef76b330d58	24576fc0b7c61a86	Clean	SmallGuardedBehavior
shared	unpackage	XetexWidenedDuplicate	4c95045194b9ac8b	908cb70c9342754e	Clean	LargeSemanticDivergence
shared	unsave	XetexWidenedDuplicate	e131b3395b0cc8c9	a820e7d027bb5a45	Clean	LargeSemanticDivergence
shared	xtoken	XetexWidenedDuplicate	9bdeed02edb3f940	50e414d29c49fd3c	Clean	LargeSemanticDivergence
shared	youcant	XetexWidenedDuplicate	83b28c79a2e1fad1	864c0cdc73f20df7	Clean	LargeSemanticDivergence
shared	zabvscd	XetexWidenedDuplicate	-	72b8a0c82ba0bddd	Clean	IdenticalAfterNormalization
shared	zaddorsub	TexCompatibleDuplicate	3bc74e00be110223	3bc74e00be110223	Clean	IdenticalAfterNormalization
shared	zappdisplay	XetexWidenedDuplicate	209f2189bc962a2e	e9b44659e1938832	Clean	SmallGuardedBehavior
shared	zappendstr	XetexWidenedDuplicate	-	8392cad4418b9b30	Clean	IdenticalAfterNormalization
shared	zappendtovlist	XetexWidenedDuplicate	39db2f832a8b1d46	034af97a104f4acf	Clean	LargeSemanticDivergence
shared	zattachhkerntonewhlist	XetexWidenedDuplicate	-	75c66fcdc0ff9339	Clean	IdenticalAfterNormalization
shared	zaxisheight	XetexWidenedDuplicate	-	722056da92780a54	Clean	IdenticalAfterNormalization
shared	zbadness	TexCompatibleDuplicate	c4f4d716d17faddf	c4f4d716d17faddf	Clean	IdenticalAfterNormalization
shared	zbeginbox	XetexWidenedDuplicate	d6b43e64c5b026d0	59e807512d536fc4	Clean	SmallGuardedBehavior
shared	zbegintokenlist	XetexWidenedDuplicate	176cfda78a854c0c	1d888d12e25114ac	Clean	LargeSemanticDivergence
shared	zboxend	XetexWidenedDuplicate	08267320546b5899	3c2d7a66798f2d55	Clean	SmallGuardedBehavior
shared	zboxerror	XetexWidenedDuplicate	8bbeecdfc02438f2	7cc4bc14a224ebb6	Clean	LargeSemanticDivergence
shared	zchangeiflimit	XetexWidenedDuplicate	8d648aebf2fc12e2	5bdfbf71a981ad19	Clean	SmallGuardedBehavior
shared	zcharbox	XetexWidenedDuplicate	55f9c296fd3a2ab1	fb2f4e0b74b85214	Clean	LargeSemanticDivergence
shared	zcharpw	XetexWidenedDuplicate	-	61b0205f78ef6ace	Clean	IdenticalAfterNormalization
shared	zcharwarning	XetexWidenedDuplicate	b4d1da774cfd03d2	905191897de14eec	Clean	LargeSemanticDivergence
shared	zcleanbox	XetexWidenedDuplicate	c84bb243ba3de343	41cec89a51d33c55	Clean	SmallGuardedBehavior
shared	zcompresstrie	TexCompatibleDuplicate	9355e0b6b95b3fe1	9355e0b6b95b3fe1	Clean	IdenticalAfterNormalization
shared	zcomputeotmathaccentpos	XetexWidenedDuplicate	-	79e03986d9369d48	Clean	IdenticalAfterNormalization
shared	zconfusion	XetexWidenedDuplicate	6a2bb5eba70978a6	c01f3adf896761d0	Clean	LargeSemanticDivergence
shared	zcopynativeglyphinfo	XetexWidenedDuplicate	-	daf13b15fa27b4cc	Clean	IdenticalAfterNormalization
shared	zcopynodelist	XetexWidenedDuplicate	d925258c86001ee1	19fcaf12a99f8c91	Clean	LargeSemanticDivergence
shared	zdeleteglueref	XetexWidenedDuplicate	023427af230701e6	6b67c207f49a68be	Clean	SmallGuardedBehavior
shared	zdeletesaref	XetexWidenedDuplicate	babae255de1ac410	cc99ff1b36d0e6f1	Clean	SmallGuardedBehavior
shared	zdeletetokenref	XetexWidenedDuplicate	2172440d065883b6	f9a120b7178913f2	Clean	SmallGuardedBehavior
shared	zdelim1	XetexWidenedDuplicate	-	3f4acbda75d4b824	Clean	IdenticalAfterNormalization
shared	zdelim2	XetexWidenedDuplicate	-	74425d42c450131f	Clean	IdenticalAfterNormalization
shared	zdenom1	XetexWidenedDuplicate	-	05474d35efc806f0	Clean	IdenticalAfterNormalization
shared	zdenom2	XetexWidenedDuplicate	-	4d47f14d0caf31a7	Clean	IdenticalAfterNormalization
shared	zdisposemunode	EtexProfileGated	c68d93de738d7217	-	Clean	IdenticalAfterNormalization
shared	zdisposemutableout	EtexProfileGated	ae257cada3e02588	-	Clean	IdenticalAfterNormalization
shared	zdolocalelinebreaks	XetexWidenedDuplicate	-	73759321445f801b	Clean	IdenticalAfterNormalization
shared	zdomarks	XetexWidenedDuplicate	72e47b4161c814db	28d80e747851736a	Clean	SmallGuardedBehavior
shared	zdoregistercommand	XetexWidenedDuplicate	dc6ad0313deaf7a8	5d1748b121632c0e	Clean	SmallGuardedBehavior
shared	zeTeXenabled	XetexWidenedDuplicate	f8da4e05832fb2fe	87433da89f45dd40	Clean	LargeSemanticDivergence
shared	zeffectivechar	BoundaryAdapterRequired	41ecf82dc8635ef1	716d74059be0a1e2	applytfmfontmapping	HostBoundaryDifference
shared	zeffectivecharinfo	BoundaryAdapterRequired	d3c3ffbddfff5921	aa063578446f195e	applytfmfontmapping	HostBoundaryDifference
shared	zenddiagnostic	XetexWidenedDuplicate	af02cc358e69103a	b7605d04844e74ca	Clean	LargeSemanticDivergence
shared	zeqdefine	XetexWidenedDuplicate	547cb214bd6b4bb8	5fe71cbabc648835	Clean	LargeSemanticDivergence
shared	zeqdestroy	XetexWidenedDuplicate	ed001c65f884f7b8	1be69abc8a48494e	Clean	OnlyConstantsDiffer
shared	zeqsave	XetexWidenedDuplicate	b196eb4f2c39899e	590c2fc753a93a1f	Clean	SmallGuardedBehavior
shared	zeqworddefine	XetexWidenedDuplicate	92ac3fae10ec6ff1	0701f1da2c6c1f0b	Clean	LargeSemanticDivergence
shared	zfatalerror	XetexWidenedDuplicate	15ac9b21262b4c13	a20c59c756280ba9	Clean	SmallGuardedBehavior
shared	zfetch	XetexWidenedDuplicate	c8fb57581d18cb42	f5febe092dd80604	Clean	LargeSemanticDivergence
shared	zfindfontdimen	XetexWidenedDuplicate	5cfb2511ec6699e7	cd8bab8d7d952afa	Clean	LargeSemanticDivergence
shared	zfindprotcharleft	XetexWidenedDuplicate	-	9c711ce5f07b56d5	Clean	IdenticalAfterNormalization
shared	zfindprotcharright	XetexWidenedDuplicate	-	aab04f90143724e1	Clean	IdenticalAfterNormalization
shared	zfindsaelement	XetexWidenedDuplicate	aed026e96a9e50d8	c1ae5b34fb2316bf	Clean	SmallGuardedBehavior
shared	zfiniteshrink	XetexWidenedDuplicate	a78cfd7562f90abe	181452ba1c443991	Clean	LargeSemanticDivergence
shared	zfinmlist	XetexWidenedDuplicate	7b08c393f3f98986	b515fc53cc6ead58	Clean	SmallGuardedBehavior
shared	zfirstfit	XetexWidenedDuplicate	e0bf63449dbe271e	daf08845ffbde908	Clean	SmallGuardedBehavior
shared	zflushlist	TexCompatibleDuplicate	49dfd726d98e5d06	49dfd726d98e5d06	Clean	IdenticalAfterNormalization
shared	zflushnodelist	BoundaryAdapterRequired	016e24e12a059882	f5bf0942f5a49bef	free	HostBoundaryDifference
shared	zflushstr	XetexWidenedDuplicate	-	68acce1219aad428	Clean	IdenticalAfterNormalization
shared	zfract	XetexWidenedDuplicate	22ae4fd9a151790b	5e15c409a25533e9	Clean	OnlyConstantsDiffer
shared	zfractionrule	TexCompatibleDuplicate	cefc5b8baf562ec1	cefc5b8baf562ec1	Clean	IdenticalAfterNormalization
shared	zfreenode	XetexWidenedDuplicate	842e62ffd029ca57	e7a548eded666737	Clean	OnlyConstantsDiffer
shared	zgeqdefine	XetexWidenedDuplicate	d44d5f3dc401cdee	1a54685da4cbd1d9	Clean	LargeSemanticDivergence
shared	zgeqworddefine	XetexWidenedDuplicate	bc3ce63276fb682e	9db66949660947ea	Clean	LargeSemanticDivergence
shared	zgetnode	XetexWidenedDuplicate	2ab16d888e88e103	9a7237be6415b67e	Clean	SmallGuardedBehavior
shared	zgrouptrace	XetexWidenedDuplicate	e9d2052c475917e5	57035731cbce5bd1	Clean	LargeSemanticDivergence
shared	zgsadef	XetexWidenedDuplicate	2784f37f380a1b0a	ce7e7a77c3888fbd	Clean	LargeSemanticDivergence
shared	zgsawdef	XetexWidenedDuplicate	6a5d82a3d7d440da	80e751c548d2d761	Clean	LargeSemanticDivergence
shared	zhalf	TexCompatibleDuplicate	cbd7381741074765	cbd7381741074765	Clean	IdenticalAfterNormalization
shared	zheightplusdepth	TexCompatibleDuplicate	aacad4ef79955c7a	aacad4ef79955c7a	Clean	IdenticalAfterNormalization
shared	zhpack	XetexWidenedDuplicate	a39081578ae87cf0	f0cca8c48214eb97	Clean	LargeSemanticDivergence
shared	zidlookup	XetexWidenedDuplicate	ea3b72b32d38d65f	0a1457a37ab97f9d	Clean	LargeSemanticDivergence
shared	zinitrandoms	XetexWidenedDuplicate	-	73132a28ee2d2842	Clean	IdenticalAfterNormalization
shared	zinitspan	XetexWidenedDuplicate	46713d5899d6f4a8	044cc021a82a9a99	Clean	SmallGuardedBehavior
shared	zinterror	XetexWidenedDuplicate	058851a0f08c5b6c	7f51480be9111090	Clean	LargeSemanticDivergence
shared	zisbitset	XetexWidenedDuplicate	-	540d9ebc0b06fcfe	Clean	IdenticalAfterNormalization
shared	zjustcopy	XetexWidenedDuplicate	bd5384142144bd3f	9211b33e0e0591c7	Clean	LargeSemanticDivergence
shared	zjustreverse	XetexWidenedDuplicate	943ba8b2422ea1c8	4852ebce5ec2f7b5	Clean	SmallGuardedBehavior
shared	zlength	XetexWidenedDuplicate	-	dac1f28b2daaff18	Clean	IdenticalAfterNormalization
shared	zlinebreak	XetexWidenedDuplicate	0032010ca7906d93	7658c68af4ab1e4b	Clean	LargeSemanticDivergence
shared	zloadnativefont	XetexWidenedDuplicate	-	2e4bdc6b850febdb	Clean	IdenticalAfterNormalization
shared	zmakefrac	XetexWidenedDuplicate	-	d8d9f45a903d1ac2	Clean	IdenticalAfterNormalization
shared	zmakefraction	XetexWidenedDuplicate	7607bb55999a0be8	30689e149ae2f97d	Clean	LargeSemanticDivergence
shared	zmakeleftright	XetexWidenedDuplicate	79c0c22168902275	374e61d2d5e1dd15	Clean	LargeSemanticDivergence
shared	zmakemathaccent	BoundaryAdapterRequired	303fa2060cd912d5	47482be51c4a49b8	GlyphAssembly,free_ot_assembly,zbuildopentypeassembly	HostBoundaryDifference
shared	zmakeop	BoundaryAdapterRequired	84c716b1a6ce11d5	0fa9b3500e527634	GlyphAssembly,free_ot_assembly,zbuildopentypeassembly	HostBoundaryDifference
shared	zmakeord	XetexWidenedDuplicate	56ebecb82ad40fee	a7945d55920db351	Clean	SmallGuardedBehavior
shared	zmakeover	XetexWidenedDuplicate	3034b3b1a8d78b7f	973aa50da49b411a	Clean	LargeSemanticDivergence
shared	zmakeradical	XetexWidenedDuplicate	83b33835ba09705b	5444a7ebc45169c5	Clean	LargeSemanticDivergence
shared	zmakescripts	XetexWidenedDuplicate	6e45405ffb2a18d0	318e30fb7e0f2735	Clean	LargeSemanticDivergence
shared	zmakeunder	XetexWidenedDuplicate	a9a9810570ad45a5	a64f3dfd65c65401	Clean	LargeSemanticDivergence
shared	zmakevcenter	XetexWidenedDuplicate	2c0c9895f6b0dad4	e99dc2717035bc60	Clean	LargeSemanticDivergence
shared	zmathglue	TexCompatibleDuplicate	3cb1fc1602481c6d	3cb1fc1602481c6d	Clean	IdenticalAfterNormalization
shared	zmathkern	TexCompatibleDuplicate	d852f4ebba42f7df	d852f4ebba42f7df	Clean	IdenticalAfterNormalization
shared	zmathquad	XetexWidenedDuplicate	-	05a5cafdb4fce0e9	Clean	IdenticalAfterNormalization
shared	zmathxheight	XetexWidenedDuplicate	-	f79da15098e62b5f	Clean	IdenticalAfterNormalization
shared	zmlog	XetexWidenedDuplicate	-	a62d7f16a4a1d346	Clean	IdenticalAfterNormalization
shared	zmorename	XetexWidenedDuplicate	d80e6de1723ea22f	55c3a33c0d47a46e	Clean	LargeSemanticDivergence
shared	zmultandadd	TexCompatibleDuplicate	a9c0a14a927db461	a9c0a14a927db461	Clean	IdenticalAfterNormalization
shared	znewcharacter	XetexWidenedDuplicate	437c748276dc1136	573ff10024a609dc	Clean	LargeSemanticDivergence
shared	znewedge	TexCompatibleDuplicate	757e225cd3d2a651	757e225cd3d2a651	Clean	IdenticalAfterNormalization
shared	znewfont	XetexWidenedDuplicate	a8d5bd0260ae7c00	b97a92f388e61113	Clean	LargeSemanticDivergence
shared	znewglue	XetexWidenedDuplicate	4ba0076f5b688919	1858e86968078c05	Clean	SmallGuardedBehavior
shared	znewgraf	XetexWidenedDuplicate	6262f2ebc14c6853	ebc88481ca021054	Clean	LargeSemanticDivergence
shared	znewindex	XetexWidenedDuplicate	8bd06d7e88a38800	ab6dbbd50a3150f2	Clean	SmallGuardedBehavior
shared	znewkern	TexCompatibleDuplicate	617d06126193b88d	617d06126193b88d	Clean	IdenticalAfterNormalization
shared	znewligature	TexCompatibleDuplicate	f07e21cf4345f58c	f07e21cf4345f58c	Clean	IdenticalAfterNormalization
shared	znewligitem	TexCompatibleDuplicate	2f81e4a686bba226	2f81e4a686bba226	Clean	IdenticalAfterNormalization
shared	znewmarginkern	XetexWidenedDuplicate	-	3477461a89915184	Clean	IdenticalAfterNormalization
shared	znewmath	TexCompatibleDuplicate	78a36adc0e9176b4	78a36adc0e9176b4	Clean	IdenticalAfterNormalization
shared	znewnativecharacter	XetexWidenedDuplicate	-	cd117fee4727284c	Clean	IdenticalAfterNormalization
shared	znewnativewordnode	XetexWidenedDuplicate	-	10b5ec344f9e2821	Clean	IdenticalAfterNormalization
shared	znewparamglue	XetexWidenedDuplicate	3a37d4a79ca17f63	3d803d8f71fe9b8a	Clean	SmallGuardedBehavior
shared	znewpenalty	TexCompatibleDuplicate	92cfd26e8c30e74b	92cfd26e8c30e74b	Clean	IdenticalAfterNormalization
shared	znewsavelevel	XetexWidenedDuplicate	f5af4dda67dda0a7	37baf66c34682957	Clean	LargeSemanticDivergence
shared	znewskipparam	XetexWidenedDuplicate	82e99da8e92361f3	128eef3bd267bb60	Clean	StateLayoutDifference
shared	znewspec	TexCompatibleDuplicate	39cd75b1de04bef8	39cd75b1de04bef8	Clean	IdenticalAfterNormalization
shared	znewstyle	TexCompatibleDuplicate	39ec9241637490b9	39ec9241637490b9	Clean	IdenticalAfterNormalization
shared	znewtrieop	XetexWidenedDuplicate	36be15ed87efffde	474212f2be01d774	Clean	SmallGuardedBehavior
shared	znewwhatsit	TexCompatibleDuplicate	a7bd8bc255948b6f	a7bd8bc255948b6f	Clean	IdenticalAfterNormalization
shared	znewwritewhatsit	XetexWidenedDuplicate	a7715545943f830e	f490c6f2d419da0a	Clean	LargeSemanticDivergence
shared	znormmin	TexCompatibleDuplicate	9cfc4cf8bb39d45a	9cfc4cf8bb39d45a	Clean	IdenticalAfterNormalization
shared	znotnativefonterror	XetexWidenedDuplicate	-	437f4883dd8ed26a	Clean	IdenticalAfterNormalization
shared	znototfonterror	XetexWidenedDuplicate	-	55bb7416a46e3563	Clean	IdenticalAfterNormalization
shared	znum1	XetexWidenedDuplicate	-	ebdf046256d90067	Clean	IdenticalAfterNormalization
shared	znum2	XetexWidenedDuplicate	-	c3e1edaf4326bc4e	Clean	IdenticalAfterNormalization
shared	znum3	XetexWidenedDuplicate	-	f32280e5620b5009	Clean	IdenticalAfterNormalization
shared	zoverbar	TexCompatibleDuplicate	93c03fec1bad4ef9	93c03fec1bad4ef9	Clean	IdenticalAfterNormalization
shared	zoverflow	XetexWidenedDuplicate	9d65470876436e69	1a727dfb0d713c98	Clean	SmallGuardedBehavior
shared	zpackage	XetexWidenedDuplicate	2db71f7e7b07e9f9	2c529cf9694b9609	Clean	SmallGuardedBehavior
shared	zpackfilename	TexCompatibleDuplicate	668c054494d88ae8	668c054494d88ae8	Clean	IdenticalAfterNormalization
shared	zpdferror	StrippedPdfExtension	-	39d6700f852910ba	Clean	IdenticalAfterNormalization
shared	zpostlinebreak	XetexWidenedDuplicate	ace9b3a8992ba998	5205ba795de2c666	Clean	LargeSemanticDivergence
shared	zprevrightmost	XetexWidenedDuplicate	-	2b17d50ed89c913a	Clean	IdenticalAfterNormalization
shared	zprimitive	XetexWidenedDuplicate	738f4cb7876f681f	2888de78ae5bc6d0	Clean	LargeSemanticDivergence
shared	zprimlookup	XetexWidenedDuplicate	-	107ca468bf90c376	Clean	IdenticalAfterNormalization
shared	zprint	XetexWidenedDuplicate	6b6d9eeb0bd36a42	f7358356e1c88c79	Clean	LargeSemanticDivergence
shared	zprintchar	XetexWidenedDuplicate	beb9f80a4dbfac2e	14f1979acd387bac	Clean	LargeSemanticDivergence
shared	zprintcmdchr	XetexWidenedDuplicate	7cd54ec73f039317	efb24e0d726798e1	Clean	LargeSemanticDivergence
shared	zprintcs	XetexWidenedDuplicate	e5a7ac94196383be	db3c82cee18af307	Clean	LargeSemanticDivergence
shared	zprintdelimiter	XetexWidenedDuplicate	b5e739b4ffa9ac7f	7bb00c3569b589b1	Clean	LargeSemanticDivergence
shared	zprintesc	XetexWidenedDuplicate	df98e7d451692dd9	5390fd81f37b86fa	Clean	LargeSemanticDivergence
shared	zprintfamandchar	XetexWidenedDuplicate	4b702b4f71d84a31	af9578b6cf26c800	Clean	LargeSemanticDivergence
shared	zprintfilename	XetexWidenedDuplicate	1f05936802907e32	ad8828c174916834	Clean	LargeSemanticDivergence
shared	zprintfontandchar	XetexWidenedDuplicate	965b28e1f744abd1	d0d33891a78f0c05	Clean	LargeSemanticDivergence
shared	zprintglue	XetexWidenedDuplicate	80822fee75a3554e	5c12f3108e61d21f	Clean	SmallGuardedBehavior
shared	zprintgroup	XetexWidenedDuplicate	a32d5ab018c5502c	1dfde0370be2ee8e	Clean	LargeSemanticDivergence
shared	zprinthex	XetexWidenedDuplicate	e2573ed9ff791fc6	bd501d88f17094ba	Clean	SmallGuardedBehavior
shared	zprintinmode	XetexWidenedDuplicate	1b2188054cc47a8c	3d7c9d63fb6203e5	Clean	LargeSemanticDivergence
shared	zprintint	XetexWidenedDuplicate	f9925cb4d9fd218d	8d0a2d91071b18f9	Clean	SmallGuardedBehavior
shared	zprintlengthparam	XetexWidenedDuplicate	97ffcd52389c6155	9e5e85b92650a3b6	Clean	LargeSemanticDivergence
shared	zprintmark	XetexWidenedDuplicate	8a7b5709f2f33ffd	44ee54eb18800d55	Clean	SmallGuardedBehavior
shared	zprintmode	XetexWidenedDuplicate	7c6f1e7a02852a47	37ffd64ad9924ec7	Clean	LargeSemanticDivergence
shared	zprintnativeword	XetexWidenedDuplicate	-	244b509f7fcad54e	Clean	IdenticalAfterNormalization
shared	zprintnl	XetexWidenedDuplicate	b7ad1af065757e00	9085e701bdef4fee	Clean	SmallGuardedBehavior
shared	zprintparam	XetexWidenedDuplicate	5874ae9e8d24b68b	2d166ffc09d37d31	Clean	LargeSemanticDivergence
shared	zprintrawchar	XetexWidenedDuplicate	-	18bdecdde019355b	Clean	IdenticalAfterNormalization
shared	zprintromanint	XetexWidenedDuplicate	980bf1403446bf0e	4ae4a34704ba8c66	Clean	SmallGuardedBehavior
shared	zprintruledimen	XetexWidenedDuplicate	0cbf80152ef20685	331e69953a19da8b	Clean	SmallGuardedBehavior
shared	zprintsanum	XetexWidenedDuplicate	062d1e34609ed69b	799de78514547fcb	Clean	SmallGuardedBehavior
shared	zprintscaled	XetexWidenedDuplicate	0ba3be40adf3ba4f	61e15ea9669fb8c5	Clean	SmallGuardedBehavior
shared	zprintsize	XetexWidenedDuplicate	f31f71e99616736b	c38acad8dce0b1cb	Clean	LargeSemanticDivergence
shared	zprintskipparam	XetexWidenedDuplicate	6aaf79a77c7b7fc9	36d8d6e276dbd0bc	Clean	LargeSemanticDivergence
shared	zprintspec	XetexWidenedDuplicate	780066c04dfd1e3b	49d3500c6eb87bd9	Clean	SmallGuardedBehavior
shared	zprintstyle	XetexWidenedDuplicate	aab5dbcc042e2f97	fb88430dd4770ec8	Clean	LargeSemanticDivergence
shared	zprintsubsidiarydata	XetexWidenedDuplicate	159e0805edb2315e	f14b4079a9db0724	Clean	LargeSemanticDivergence
shared	zprintthedigs	XetexWidenedDuplicate	91b9a8fe57692d29	6ebfd1aa563f9ad3	Clean	LargeSemanticDivergence
shared	zprintucscode	XetexWidenedDuplicate	-	664b04ed5c87c04a	Clean	IdenticalAfterNormalization
shared	zprintwritewhatsit	StrippedWriteWhatsitDiagnostic	061228f778eb8cdf	061228f778eb8cdf	Clean	IdenticalAfterNormalization
shared	zpushmath	XetexWidenedDuplicate	7a1e01bbaee6b2ee	85cd9c93223bcf3c	Clean	SmallGuardedBehavior
shared	zpushnode	XetexWidenedDuplicate	-	22afbf3ba77e006f	Clean	IdenticalAfterNormalization
shared	zquotient	TexCompatibleDuplicate	33382bffb6cbefd7	33382bffb6cbefd7	Clean	IdenticalAfterNormalization
shared	zreadfontinfo	BoundaryAdapterRequired	159a2fe8a8381bee	43b820b327a18e80	checkfortfmfontmapping,loadtfmfontmapping	HostBoundaryDifference
shared	zreadtoks	BoundaryAdapterRequired	c87302c9367085be	b6df9cd506658924	u_close_file_or_pipe	HostBoundaryDifference
shared	zrebox	TexCompatibleDuplicate	f397700825a75239	f397700825a75239	Clean	IdenticalAfterNormalization
shared	zreconstitute	XetexWidenedDuplicate	e362739ea23b1a40	6f042e750b5aca8d	Clean	SmallGuardedBehavior
shared	zrestoretrace	XetexWidenedDuplicate	f1a44b7f17136d3b	5e118ddbb5261ee9	Clean	LargeSemanticDivergence
shared	zrounddecimals	XetexWidenedDuplicate	b922c9d64be612d9	b64bbd04a0133343	Clean	SmallGuardedBehavior
shared	zroundxnoverd	XetexWidenedDuplicate	-	429d721b3b6742f5	Clean	IdenticalAfterNormalization
shared	zsadef	XetexWidenedDuplicate	b3f4d7704170b7a0	f6d0e5ff1f16e373	Clean	LargeSemanticDivergence
shared	zsadestroy	XetexWidenedDuplicate	45a9bbdd7e426aa9	16f9b07740a15e1f	Clean	OnlyConstantsDiffer
shared	zsasave	XetexWidenedDuplicate	df9616d9b73d501c	78c6242cbfceab1d	Clean	SmallGuardedBehavior
shared	zsaveforafter	XetexWidenedDuplicate	f1c7fd647372d157	f41a1f6f0dc416ca	Clean	SmallGuardedBehavior
shared	zsawdef	XetexWidenedDuplicate	fd8ae2025b781c7f	6e21a5f14cf8bf4c	Clean	LargeSemanticDivergence
shared	zscanbox	XetexWidenedDuplicate	0599dbb35c7753ff	4ff06c78b0a95c49	Clean	SmallGuardedBehavior
shared	zscandelimiter	XetexWidenedDuplicate	263195fb1267ff4b	88a1fe0ed6ab468d	Clean	LargeSemanticDivergence
shared	zscandimen	XetexWidenedDuplicate	f423da74767c5f96	529c3ecade8df4ae	Clean	LargeSemanticDivergence
shared	zscanglue	XetexWidenedDuplicate	bc1c11b305e7f817	7e8fd64b5f412e15	Clean	SmallGuardedBehavior
shared	zscanglyphnumber	XetexWidenedDuplicate	-	d7c5312359e20246	Clean	IdenticalAfterNormalization
shared	zscankeyword	XetexWidenedDuplicate	f0e82cd64245fd3f	c3d2138d9d1f3a5b	Clean	LargeSemanticDivergence
shared	zscanmath	XetexWidenedDuplicate	2491c8246311eca3	fb50521053a364ee	Clean	LargeSemanticDivergence
shared	zscansomethinginternal	BoundaryAdapterRequired	0c368c27a58e77fb	830c44b65c7d9315	CFDictionaryRef,aatfontget,aatfontget1,aatfontget2,aatfontgetnamed,aatfontgetnamed1,countpdffilepages,getfontcharrange,getglyphbounds,getnativecharht,getnativecharic,getnativecharwd,grfontgetnamed,grfontgetnamed1,usingGraphite,znotaatfonterror,znotaatgrfonterror	HostBoundaryDifference
shared	zscanspec	XetexWidenedDuplicate	0f97f2350adab4e8	bd7ec6bd7eef7d31	Clean	SmallGuardedBehavior
shared	zscantoks	XetexWidenedDuplicate	f725b02c802ae1d2	6045220cbb6e8583	Clean	LargeSemanticDivergence
shared	zsearchstring	XetexWidenedDuplicate	2be25f63d9f6f394	7502749bd2a3f35e	Clean	LargeSemanticDivergence
shared	zsetmathchar	XetexWidenedDuplicate	b87eb37bea52bc9c	7828fe1b038939ff	Clean	LargeSemanticDivergence
shared	zshortdisplay	XetexWidenedDuplicate	6bb429268eecccb6	65a6efe008906eff	Clean	LargeSemanticDivergence
shared	zshowbox	XetexWidenedDuplicate	9f4a877bd1b4a1aa	8de0e6fd3d2ef366	Clean	StateLayoutDifference
shared	zshoweqtb	XetexWidenedDuplicate	311afd813fca2882	37579e35121e3b5b	Clean	LargeSemanticDivergence
shared	zshownodelist	XetexWidenedDuplicate	2c0b68bb80dbc9be	72a57550f5070057	Clean	LargeSemanticDivergence
shared	zshowsa	XetexWidenedDuplicate	108aa2bbf227cf93	d46f0c849ab1521d	Clean	SmallGuardedBehavior
shared	zshowtokenlist	XetexWidenedDuplicate	d5c60c6b432becf5	dd25a76ab7397910	Clean	LargeSemanticDivergence
shared	zslowprint	EtexProfileGated	8884570d3ce0bf09	-	Clean	IdenticalAfterNormalization
shared	zsprintcs	XetexWidenedDuplicate	3c9738e32bb13124	6eefbb5285ba44ef	Clean	LargeSemanticDivergence
shared	zsrctokencopy	TexCompatibleDuplicate	860a508920f5ba62	860a508920f5ba62	Clean	IdenticalAfterNormalization
shared	zstackintobox	XetexWidenedDuplicate	847388d3f09f7ca0	54a47e52cb688910	Clean	SmallGuardedBehavior
shared	zstreqbuf	XetexWidenedDuplicate	7328273851bde95e	f36ee75ac0e14a5f	Clean	LargeSemanticDivergence
shared	zstreqstr	XetexWidenedDuplicate	1fbee0b264140bba	800aa8df80765708	Clean	LargeSemanticDivergence
shared	zstrtoks	XetexWidenedDuplicate	bfc60f41b479be3a	11e76c47df67eb23	Clean	LargeSemanticDivergence
shared	zstrtokscat	XetexWidenedDuplicate	-	4d965d8657cd1dfb	Clean	IdenticalAfterNormalization
shared	zsub1	XetexWidenedDuplicate	-	92c2ec65eae20e3d	Clean	IdenticalAfterNormalization
shared	zsub2	XetexWidenedDuplicate	-	97865c122da96276	Clean	IdenticalAfterNormalization
shared	zsubdrop	XetexWidenedDuplicate	-	58ab21395127396f	Clean	IdenticalAfterNormalization
shared	zsup1	XetexWidenedDuplicate	-	5c29945d8bacec4b	Clean	IdenticalAfterNormalization
shared	zsup2	XetexWidenedDuplicate	-	d1565b5a5e4a9db4	Clean	IdenticalAfterNormalization
shared	zsup3	XetexWidenedDuplicate	-	e6906d878393f241	Clean	IdenticalAfterNormalization
shared	zsupdrop	XetexWidenedDuplicate	-	7276e5da38bdd919	Clean	IdenticalAfterNormalization
shared	ztakefrac	XetexWidenedDuplicate	-	ca8bfaafdeda3ece	Clean	IdenticalAfterNormalization
shared	ztokenshow	TexCompatibleDuplicate	b5903113f74997aa	b5903113f74997aa	Clean	IdenticalAfterNormalization
shared	ztokenstostring	XetexWidenedDuplicate	-	959b1e254f38b9fe	Clean	IdenticalAfterNormalization
shared	ztotalpw	XetexWidenedDuplicate	-	b913f6e897f986ec	Clean	IdenticalAfterNormalization
shared	ztriefix	XetexWidenedDuplicate	3d8eacbf3f46496a	605c7a4d9ad7a138	Clean	SmallGuardedBehavior
shared	ztrienode	TexCompatibleDuplicate	4f51cefefd64e310	4f51cefefd64e310	Clean	IdenticalAfterNormalization
shared	ztriepack	TexCompatibleDuplicate	07a62cb3ac76b37a	07a62cb3ac76b37a	Clean	IdenticalAfterNormalization
shared	ztrybreak	XetexWidenedDuplicate	e77d2856f06e9ec3	1b3660864a3dfe27	Clean	SmallGuardedBehavior
shared	zunifrand	XetexWidenedDuplicate	-	627988fd7b0398e5	Clean	IdenticalAfterNormalization
shared	zvardelimiter	BoundaryAdapterRequired	1f25f96b42da6058	b477ccdd25dbd065	GlyphAssembly,free_ot_assembly,zbuildopentypeassembly	HostBoundaryDifference
shared	zvertbreak	BoundaryAdapterRequired	3cbcc707d491e35b	09c672702e13a3a3	fputs	HostBoundaryDifference
shared	zvpackage	XetexWidenedDuplicate	5ff3ffc63ec253a5	f63aea84c8c18aa2	Clean	SmallGuardedBehavior
shared	zvsplit	XetexWidenedDuplicate	118b9f5d08b4ecc4	0201833d82461bfe	Clean	SmallGuardedBehavior
shared	zxetexscandimen	XetexWidenedDuplicate	-	c86f1b23087620e1	Clean	IdenticalAfterNormalization
shared	zxnoverd	TexCompatibleDuplicate	a95df71b42130454	a95df71b42130454	Clean	IdenticalAfterNormalization
shared	zxovern	TexCompatibleDuplicate	12b7819c213317c8	12b7819c213317c8	Clean	IdenticalAfterNormalization
shared	zzprintbuffer	EtexProfileGated	1ca70231fd49b42d	-	Clean	IdenticalAfterNormalization
shared	zzreadbuffer	EtexProfileGated	73848ea5c76eb0a3	-	Clean	IdenticalAfterNormalization
boundary	jumpout	AdaptedNativeIo	-	-	AllowedManualAdapter	-
boundary	openlogfile	AdaptedNativeIo	-	-	AllowedManualAdapter	-
boundary	buildpage	StrippedOutput	-	-	AllowedManualAdapter	-
boundary	zloadpicture	StrippedOutput	-	-	AllowedManualAdapter	-
boundary	zoutwhat	StrippedOutput	-	-	AllowedManualAdapter	-
boundary	zprunepagetop	StrippedOutput	-	-	AllowedManualAdapter	-
boundary	zshipout	StrippedOutput	-	-	AllowedManualAdapter	-
boundary	zbuildopentypeassembly	StrippedNativeFontAssembly	-	-	AllowedManualAdapter	-
